company,industry,title,location,work_model,date,url,technologies
Microsoft Israel,Technology,Data Center Technicians Manager,Israel (Assumed),Not Specified,2026-09-26,https://careers.microsoft.com/v2/global/en/locations/israel.html,N/A
Apple Israel,Technology,Products and Services00 Filter(s) Applied,Israel (Assumed),Not Specified,2026-09-26,https://jobs.apple.com/en-il/search?location=israel-ISR,N/A
Palo Alto Networks Israel,Technology,"Systems Engineering Manager, SE Academy EMEA",Israel (Assumed),Not Specified,2026-09-26,https://jobs.paloaltonetworks.com/en/locations/israel/,N/A
AT&T Foundry Israel,Technology,Field Experts,Israel (Assumed),Not Specified,2026-09-26,https://www.att.jobs/,N/A
Western Digital Israel,Technology,Electrical Supplier Quality Engineer,Israel (Assumed),Not Specified,2026-09-26,https://jobs.smartrecruiters.com/WesternDigital/744000151725678-electrical-supplier-quality-engineer,N/A
Western Digital Israel,Technology,Electrical Supplier Quality Engineer,Israel (Assumed),Not Specified,2026-09-26,https://careers.smartrecruiters.com/WesternDigital,N/A
Western Digital Israel,Technology,"Manager 4, Strategic Sourcing",Israel (Assumed),Not Specified,2026-09-26,https://jobs.smartrecruiters.com/WesternDigital/744000151564928-manager-4-strategic-sourcing,N/A
Western Digital Israel,Technology,"Manager, Sustaining Program Management",Israel (Assumed),Not Specified,2026-09-26,https://jobs.smartrecruiters.com/WesternDigital/744000149785718-manager-sustaining-program-management,N/A
Western Digital Israel,Technology,"Senior Engineer, Manufacturing Engineering",Israel (Assumed),Not Specified,2026-09-26,https://jobs.smartrecruiters.com/WesternDigital/744000148681478-senior-engineer-manufacturing-engineering,N/A
Western Digital Israel,Technology,"Manager 5, Program Management Engineering",Israel (Assumed),Not Specified,2026-09-26,https://jobs.smartrecruiters.com/WesternDigital/744000146385568-manager-5-program-management-engineering,N/A
Western Digital Israel,Technology,"Manager 3, Program Management Engineering",Israel (Assumed),Not Specified,2026-09-26,https://jobs.smartrecruiters.com/WesternDigital/744000146385348-manager-3-program-management-engineering,N/A
Western Digital Israel,Technology,Logistics Analyst,Israel (Assumed),Not Specified,2026-09-26,https://jobs.smartrecruiters.com/WesternDigital/744000150595258-logistics-analyst,N/A
Western Digital Israel,Technology,"Engineer, Supplier Quality Engineering – Strategic & Innovation",Israel (Assumed),Not Specified,2026-09-26,https://jobs.smartrecruiters.com/WesternDigital/744000150291100-engineer-supplier-quality-engineering-strategic-innovation,N/A
Western Digital Israel,Technology,"Manager, Sustaining Program Management",Israel (Assumed),Not Specified,2026-09-26,https://jobs.smartrecruiters.com/WesternDigital/744000149786538-manager-sustaining-program-management,N/A
Western Digital Israel,Technology,Intern - Maintenance Engineer (Studying Bachelor or Master's Degree),Israel (Assumed),Not Specified,2026-09-26,https://jobs.smartrecruiters.com/WesternDigital/744000148418653-intern-maintenance-engineer-studying-bachelor-or-master-s-degree-,N/A
Western Digital Israel,Technology,Intern - Maintenance Engineer (Studying Bachelor or Master's Degree),Israel (Assumed),Not Specified,2026-09-26,https://jobs.smartrecruiters.com/WesternDigital/744000148418919-intern-maintenance-engineer-studying-bachelor-or-master-s-degree-,N/A
Western Digital Israel,Technology,Intern - Maintenance Engineer (Studying Bachelor or Master's Degree),Israel (Assumed),Not Specified,2026-09-26,https://jobs.smartrecruiters.com/WesternDigital/744000148418712-intern-maintenance-engineer-studying-bachelor-or-master-s-degree-,N/A
Western Digital Israel,Technology,"Senior Engineer, Manufacturing Engineering",Israel (Assumed),Not Specified,2026-09-26,https://jobs.smartrecruiters.com/WesternDigital/744000151754859-senior-engineer-manufacturing-engineering-,N/A
Western Digital Israel,Technology,"Senior Engineer, Manufacturing Equipment Engineering",Israel (Assumed),Not Specified,2026-09-26,https://jobs.smartrecruiters.com/WesternDigital/744000151720079-senior-engineer-manufacturing-equipment-engineering,N/A
Western Digital Israel,Technology,"Engineer, Manufacturing Equipment Engineering",Israel (Assumed),Not Specified,2026-09-26,https://jobs.smartrecruiters.com/WesternDigital/744000151537389-engineer-manufacturing-equipment-engineering,N/A
Western Digital Israel,Technology,"Senior Engineer, Manufacturing Engineering",Israel (Assumed),Not Specified,2026-09-26,https://jobs.smartrecruiters.com/WesternDigital/744000150801979-senior-engineer-manufacturing-engineering,N/A
Western Digital Israel,Technology,Intern - Manufacturing Engineer,Israel (Assumed),Not Specified,2026-09-26,https://jobs.smartrecruiters.com/WesternDigital/744000151235689-intern-manufacturing-engineer,N/A
Western Digital Israel,Technology,"Engineer, Manufacturing Engineering",Israel (Assumed),Not Specified,2026-09-26,https://jobs.smartrecruiters.com/WesternDigital/744000143223919-engineer-manufacturing-engineering,N/A
Analog Devices Israel,Technology,Field Application Engineer Opportunities,Israel (Assumed),Not Specified,2026-09-26,https://www.analog.com/en/about-adi/careers.html,N/A
Arm Israel,Technology,Hardware Engineering,Israel (Assumed),Not Specified,2026-09-26,https://careers.arm.com/,N/A
Arm Israel,Technology,Senior SAP PP/QM Analyst,Israel (Assumed),Not Specified,2026-09-26,https://careers.arm.com/job/bengaluru/senior-sap-pp-qm-analyst/33099/101164616816,N/A
Arm Israel,Technology,Theorem Proving Engineer,Israel (Assumed),Not Specified,2026-09-26,https://careers.arm.com/job/austin/theorem-proving-engineer/33099/97584421536,N/A
Flex Israel,Technology,Engineering medical devices of the future,Israel (Assumed),Not Specified,2026-09-26,https://flex.com/resources/engineering-medical-devices-of-the-future,N/A
Flex Israel,Technology,Flex Design and Engineering Center — Stuttgart,Israel (Assumed),Not Specified,2026-09-26,https://flex.com/resources/flex-design-und-engineering-center-stuttgart,N/A
Flex Israel,Technology,A systems analyst in the age of digital transformation,Israel (Assumed),Not Specified,2026-09-26,https://flex.com/resources/a-systems-analyst-in-the-age-of-digital-transformation,N/A
Flex Israel,Technology,"Meet Scedella Gregory, an Operations Training Specialist",Israel (Assumed),Not Specified,2026-09-26,https://flex.com/resources/celebrating-black-history-month-meet-scedella-gregory,N/A
Flex Israel,Technology,"A day in the life: Rukayat Oyedele, mechanical engineer",Israel (Assumed),Not Specified,2026-09-26,https://flex.com/resources/a-day-in-the-life-rukayat-oyedele-mechanical-engineer,N/A
Flex Israel,Technology,"Meet Eduardo Toledo, VP of Business Excellence",Israel (Assumed),Not Specified,2026-09-26,https://flex.com/resources/celebrating-hispanic-heritage-month-meet-eduardo-toledo,N/A
Flex Israel,Technology,Life at Flex Penang: How I started my engineering career,Israel (Assumed),Not Specified,2026-09-26,https://flex.com/resources/life-at-flex-penang-how-i-started-my-engineering-career,N/A
Flex Israel,Technology,Meet our sustainability program leader,Israel (Assumed),Not Specified,2026-09-26,https://flex.com/resources/hispanic-heritage-month-sustainability-leader,N/A
Pure Storage Israel,Technology,Products,Israel (Assumed),Not Specified,2026-09-26,https://www.purestorage.com/company/careers.html,N/A
Aqua Security,Technology,Engineering5 Positions,Israel (Assumed),Not Specified,2026-09-26,https://www.aquasec.com/about-us/careers/#engineering,N/A
SentinelOne,Technology,Key Products & Solutions,Israel (Assumed),Not Specified,2026-09-26,https://www.sentinelone.com/careers/,N/A
Noma Security,Technology,Customer EngineerFull-timeSeniorUK [Remote],Israel (Assumed),Not Specified,2026-09-26,https://www.noma.security/careers/positions/position-06_278,N/A
Noma Security,Technology,Senior Customer EngineerFull-timeSeniorTel Aviv,Israel (Assumed),Not Specified,2026-09-26,https://www.noma.security/careers/positions/position-06_273,N/A
Noma Security,Technology,Senior Customer EngineerFull-timeSeniorUSA [Remote],Israel (Assumed),Not Specified,2026-09-26,https://www.noma.security/careers/positions/position-04_278,N/A
Noma Security,Technology,Senior MLOps EngineerFull-timeSeniorTel Aviv,Israel (Assumed),Not Specified,2026-09-26,https://www.noma.security/careers/positions/position-fd_062,N/A
Noma Security,Technology,IT SpecialistFull-timeIntermediateTel Aviv,Israel (Assumed),Not Specified,2026-09-26,https://www.noma.security/careers/positions/position-de_27f,N/A
Noma Security,Technology,"Partner Manager, GSIUSA [Remote]",Israel (Assumed),Not Specified,2026-09-26,https://www.noma.security/careers/positions/position-5a_27e,N/A
Noma Security,Technology,Enablement LeaderUSA [Remote],Israel (Assumed),Not Specified,2026-09-26,https://www.noma.security/careers/positions/position-9f_27c,N/A
Deep Instinct,Technology,Channel Manager - New York (Remote),Israel (Assumed),Not Specified,2026-09-26,https://www.deepinstinct.com/careers,N/A
Island,Technology,Engineering,Israel (Assumed),Not Specified,2026-09-26,https://www.island.io/careers,N/A
Ondo Security,Technology,Everyday Merino Wool Headband,Israel (Assumed),Not Specified,2026-09-26,https://www.ondo.com/careers/products/ondo-everyday-merino-wool-headbands,N/A
Sternum IoT,Technology,Engineering,Israel (Assumed),Not Specified,2026-09-26,https://sternumiot.com/careers/,N/A
Allot Communications,Technology,Become an Allot Expert,Israel (Assumed),Not Specified,2026-09-26,https://www.allot.com/careers/support-services/become-an-allot-expert/,N/A
Indegy (Tenables),Technology,Engineering,Israel (Assumed),Not Specified,2026-09-26,https://www.tenable.com/careers,N/A
Demisto,Technology,Products,Israel (Assumed),Not Specified,2026-09-26,https://www.demisto.com/careers,N/A
Twistlock,Technology,"Systems Engineering Manager, SE Academy EMEA",Israel (Assumed),Not Specified,2026-09-26,https://www.twistlock.com/careers,N/A
Satori,Technology,Product,Israel (Assumed),Not Specified,2026-09-26,https://satoricyber.com/careers/product/,N/A
Satori,Technology,Product,Israel (Assumed),Not Specified,2026-09-26,https://satoricyber.com/careers/,N/A
Descope,Technology,Product Designer (Parental Leave Replacement)Tel Aviv,Israel (Assumed),Not Specified,2026-09-26,https://job-boards.greenhouse.io/descope/jobs/4381673009,N/A
Astrix Security,Technology,Product Overview,Israel (Assumed),Not Specified,2026-09-26,https://astrix.security/careers/,N/A
Bufferzone,Technology,Product,Israel (Assumed),Not Specified,2026-09-26,https://bufferzonesecurity.com/careers/,N/A
Cobwebs Technologies,Technology,CoAnalyst,Israel (Assumed),Not Specified,2026-09-26,https://cobwebs.com/careers/,N/A
Tipalti,Technology,Products,Israel (Assumed),Not Specified,2026-09-26,https://tipalti.com/careers/,N/A
Sisense,Technology,Product house,Israel (Assumed),Not Specified,2026-09-26,https://www.sisense.com/careers/,N/A
Playtika,Technology,PRODUCT,Israel (Assumed),Not Specified,2026-09-26,https://www.playtika.com/careers/,N/A
Moon Active,Technology,Product7open positions,Israel (Assumed),Not Specified,2026-09-26,https://www.moonactive.com/careers/#,N/A
Nice,Technology,View All Products,Israel (Assumed),Not Specified,2026-09-26,https://www.nice.com/careers/products,N/A
Priority Software,Technology,Product tours,Israel (Assumed),Not Specified,2026-09-26,https://www.priority-software.com/careers/,N/A
HubSpot Israel,Technology,Products,Israel (Assumed),Not Specified,2026-09-26,https://www.hubspot.com/careers,N/A
HubSpot Israel,Technology,Generate leads,Israel (Assumed),Not Specified,2026-09-26,https://www.hubspot.com/use-case/generate-leads?hubs_content=www.hubspot.com/careers&hubs_content-cta=nav-solutions-leads,N/A
Intercom Israel,Technology,See our recent product updates→,Israel (Assumed),Not Specified,2026-09-26,https://www.intercom.com/careers/updates,N/A
Miro Israel,Technology,Engineering,Israel (Assumed),Not Specified,2026-09-26,https://miro.com/careers/,N/A
Notion Israel,Technology,"[Contract] Language Training Specialist - JapaneseTokyo, Japan",Israel (Assumed),Not Specified,2026-09-26,https://jobs.ashbyhq.com/notion/f1f9e19d-cbf3-49eb-9824-d04adf2e3d75,N/A
Notion Israel,Technology,"Technical Education SpecialistNew York, New York",Israel (Assumed),Not Specified,2026-09-26,https://jobs.ashbyhq.com/notion/6f7c5ae6-9632-4436-8b1c-a1e4c1050633,N/A
Notion Israel,Technology,"AI Applications EngineerSan Francisco, California",Israel (Assumed),Not Specified,2026-09-26,https://jobs.ashbyhq.com/notion/bc9a9573-e963-48a7-b7b9-a32017f28916,N/A
Notion Israel,Technology,"Forward Deployed Engineer, IndiaHyderabad, India",Israel (Assumed),Not Specified,2026-09-26,https://jobs.ashbyhq.com/notion/79c18580-c927-456c-9d5f-72efbc6c43cb,N/A
Notion Israel,Technology,"Senior Treasury ManagerSan Francisco, California; New York, New York",Israel (Assumed),Not Specified,2026-09-26,https://jobs.ashbyhq.com/notion/6f5d0bc7-dd9e-48fd-9a1d-733ad391e151,N/A
Notion Israel,Technology,"Tax LeadSan Francisco, California",Israel (Assumed),Not Specified,2026-09-26,https://jobs.ashbyhq.com/notion/7832514e-f065-4345-9eee-47083880c0a1,N/A
Notion Israel,Technology,"AI Product CounselSan Francisco, California",Israel (Assumed),Not Specified,2026-09-26,https://jobs.ashbyhq.com/notion/5b710ddc-460c-4254-9436-fde654b600ae,N/A
Notion Israel,Technology,"Demand & Campaigns Lead, EMEADublin, Ireland",Israel (Assumed),Not Specified,2026-09-26,https://jobs.ashbyhq.com/notion/edb12109-aa32-461a-b764-1850a2314e0d,N/A
Notion Israel,Technology,"Head of Demand EngineSan Francisco, California; New York, New York",Israel (Assumed),Not Specified,2026-09-26,https://jobs.ashbyhq.com/notion/adb34b7e-89f3-4365-9f8f-4c98d50cc0fd,N/A
Notion Israel,Technology,"Product DesignerSan Francisco, California; New York, New York",Israel (Assumed),Not Specified,2026-09-26,https://jobs.ashbyhq.com/notion/d177d052-ef57-4900-acf2-d58e9eded620,N/A
Notion Israel,Technology,"Manager, Enablement ProgramsSan Francisco, California",Israel (Assumed),Not Specified,2026-09-26,https://jobs.ashbyhq.com/notion/98bb09a8-2fdf-4c12-84dd-8568553159d8,N/A
Notion Israel,Technology,"Forward Deployed EngineerTokyo, Japan",Israel (Assumed),Not Specified,2026-09-26,https://jobs.ashbyhq.com/notion/4bc0802c-b5e0-411c-be01-daaea2bc3ae0,N/A
Notion Israel,Technology,"Forward Deployed Engineer, Manager -LondonLondon, United Kingdom",Israel (Assumed),Not Specified,2026-09-26,https://jobs.ashbyhq.com/notion/0439c4a6-7a8e-4ffa-8cfd-28ce373acbd5,N/A
Notion Israel,Technology,"General Manager, DACHMunich, Germany",Israel (Assumed),Not Specified,2026-09-26,https://jobs.ashbyhq.com/notion/951a7b72-4cb3-4726-be5e-5359269d4929,N/A
Notion Israel,Technology,"General Manager, FranceParis, France",Israel (Assumed),Not Specified,2026-09-26,https://jobs.ashbyhq.com/notion/42702b6a-b4a6-47ac-add0-07b435a8be38,N/A
Notion Israel,Technology,"Global Strategic Partner ManagerSan Francisco, California",Israel (Assumed),Not Specified,2026-09-26,https://jobs.ashbyhq.com/notion/ed0afe5b-df69-400c-bf48-81d2269da4fd,N/A
Notion Israel,Technology,"Manager, Solutions Consultants, DACHMunich, Germany",Israel (Assumed),Not Specified,2026-09-26,https://jobs.ashbyhq.com/notion/6140e48c-949d-48a8-a3f0-c826199040fe,N/A
Notion Israel,Technology,"Manager, Solutions Consultants, FranceParis, France",Israel (Assumed),Not Specified,2026-09-26,https://jobs.ashbyhq.com/notion/77af0faa-8f69-4dc5-baa6-6e253823bccb,N/A
Notion Israel,Technology,"Manager, Solutions Consultants, UKILondon, United Kingdom",Israel (Assumed),Not Specified,2026-09-26,https://jobs.ashbyhq.com/notion/2f7589e1-b08d-49b1-83aa-2ea2454550db,N/A
Notion Israel,Technology,"Regional Partner Manager, DACHMunich, Germany",Israel (Assumed),Not Specified,2026-09-26,https://jobs.ashbyhq.com/notion/6ba79c2f-1f18-49b6-acaa-53100e105556,N/A
Notion Israel,Technology,"Regional Partner Manager, UKLondon, United Kingdom",Israel (Assumed),Not Specified,2026-09-26,https://jobs.ashbyhq.com/notion/dc87f28a-5666-4c51-b1f5-f539c6a5ce2b,N/A
Stripe Israel,Technology,Products and pricing,Israel (Assumed),Not Specified,2026-09-26,https://stripe.com/jobs,N/A
Monzo Israel,Technology,Products,Israel (Assumed),Not Specified,2026-09-26,https://monzo.com/careers/,N/A
Wise Israel,Technology,Senior Database Engineer,Israel (Assumed),Not Specified,2026-09-26,https://wise.jobs/job/senior-database-engineer-in-london-jid-4218,N/A
Wise Israel,Technology,FinCrime Operations Team Lead,Israel (Assumed),Not Specified,2026-09-26,https://wise.jobs/job/fincrime-operations-team-lead-in-sao-paulo-jid-3422,N/A
Wise Israel,Technology,Engineering Lead - Embedded Solutions,Israel (Assumed),Not Specified,2026-09-26,https://wise.jobs/job/engineering-lead-embedded-solutions-in-london-jid-3755,N/A
Wise Israel,Technology,Driving Systemic Impact with our Global ESG Lead 🌍,Israel (Assumed),Not Specified,2026-09-26,https://wise.jobs/blog/2026-8/driving-systemic-impact-with-our-global-esg-lead,N/A
Wise Israel,Technology,From attending a campus talk to leading in FinCrime,Israel (Assumed),Not Specified,2026-09-26,https://wise.jobs/blog/2026-6/from-attending-a-campus-talk-to-leading-in-fincrime,N/A
Wise Israel,Technology,Leading Engineering through ownership,Israel (Assumed),Not Specified,2026-09-26,https://wise.jobs/blog/2026-5/leading-engineering-through-ownership,N/A
Toast Israel,Technology,We lead with humility,Israel (Assumed),Not Specified,2026-09-26,https://careers.toasttab.com/,N/A
Squarespace Israel,Technology,Engineering448dublin / new york city,Israel (Assumed),Not Specified,2026-09-26,https://www.squarespace.com/careers/careers/engineering,N/A
Squarespace Israel,Technology,Product & Product Design112new york city / remote,Israel (Assumed),Not Specified,2026-09-26,https://www.squarespace.com/careers/careers/product,N/A
Lattice Israel,Technology,Global headcount,Israel (Assumed),Not Specified,2026-09-26,https://lattice.com/careers,N/A
15Five Israel,Technology,PRODUCTS,Israel (Assumed),Not Specified,2026-09-26,https://www.15five.com/careers/,N/A
Haivision Israel,Technology,Products,Israel (Assumed),Not Specified,2026-09-26,https://www.haivision.com/careers/,N/A
Dailymotion Israel,Technology,Financial Manager (All Genders),Israel (Assumed),Not Specified,2026-09-26,https://www.smartrecruiters.com/Dailymotion/744000129984359,N/A
Dailymotion Israel,Technology,Senior MLOps Engineer (Full Remote from France),Israel (Assumed),Not Specified,2026-09-26,https://www.smartrecruiters.com/Dailymotion/744000129451831,N/A
Dailymotion Israel,Technology,VIE – Business Operations & Strategy Manager (All Genders),Israel (Assumed),Not Specified,2026-09-26,https://www.smartrecruiters.com/Dailymotion/744000114691312,N/A
Dailymotion Israel,Technology,Agentic Staff Engineer (All Genders),Israel (Assumed),Not Specified,2026-09-26,https://www.smartrecruiters.com/Dailymotion/744000111552855,N/A
Dailymotion Israel,Technology,"Partner Success Manager, Apprenticeship (All Genders)",Israel (Assumed),Not Specified,2026-09-26,https://www.smartrecruiters.com/Dailymotion/744000069037168,N/A
Qodo,Technology,Engineering,Israel (Assumed),Not Specified,2026-09-26,https://www.qodo.ai/careers/,N/A
ScaleOps,Technology,Product,Israel (Assumed),Not Specified,2026-09-26,https://scaleops.com/careers/,N/A
Datarails,Technology,The Products,Israel (Assumed),Not Specified,2026-09-26,https://www.datarails.com/careers/,N/A
Datarails,Technology,Forward Deployed Financial Engineer – Applied AIUnited States,Israel (Assumed),Not Specified,2026-09-26,https://www.datarails.com/careers/4406662009/,N/A
Datarails,Technology,Forward Deployed Financial Engineer – PlatformUnited States,Israel (Assumed),Not Specified,2026-09-26,https://www.datarails.com/careers/4413382009/,N/A
Datarails,Technology,"FP&A Implementation ManagerTel Aviv-Yafo, Tel Aviv District, Israel",Israel (Assumed),Not Specified,2026-09-26,https://www.datarails.com/careers/4272331009/,N/A
Datarails,Technology,FP&A Implementation SpecialistUnited States,Israel (Assumed),Not Specified,2026-09-26,https://www.datarails.com/careers/4245480009/,N/A
Datarails,Technology,Partnership Manager – Private EquityUnited States,Israel (Assumed),Not Specified,2026-09-26,https://www.datarails.com/careers/4314551009/,N/A
Datarails,Technology,"UX UI Product DesignerTel Aviv-Yafo, Tel Aviv District, Israel",Israel (Assumed),Not Specified,2026-09-26,https://www.datarails.com/careers/4298014009/,N/A
AI21 Labs,Technology,Products,Israel (Assumed),Not Specified,2026-09-26,https://www.ai21.com/careers,N/A
Pecan AI,Technology,Product Tour,Israel (Assumed),Not Specified,2026-09-26,https://www.pecan.ai/careers/,N/A
Pecan AI,Technology,"RnDSolution EngineerRamat Gan, Tel Aviv District, Israel",Israel (Assumed),Not Specified,2026-09-26,https://www.pecan.ai/careers/career-job/solution-engineer/,N/A
Rivery,Technology,Product Overview,Israel (Assumed),Not Specified,2026-09-26,https://rivery.io/careers/,N/A
Redis,Technology,Leaderboards,Israel (Assumed),Not Specified,2026-09-26,https://redis.com/careers/,N/A
Treeverse,Technology,Product,Israel (Assumed),Not Specified,2026-09-26,https://treeverse.io/careers,N/A
Sonatype Israel,Technology,Sonatype SBOM Manager,Israel (Assumed),Not Specified,2026-09-26,https://www.sonatype.com/careers,N/A
Veracode Israel,Technology,Risk Manager (ASPM),Israel (Assumed),Not Specified,2026-09-26,https://www.veracode.com/about/careers,N/A
Cognata,Technology,Two Products.One Autonomous Advantage.,Israel (Assumed),Not Specified,2026-09-26,https://www.cognata.com/careers/,N/A
Arbe Robotics,Technology,DSP Software Team LeaderTel Aviv  ·  Full-time,Israel (Assumed),Not Specified,2026-09-26,https://arberobotics.com/careers/arberobotics.com/career/co/engineering/B1.D64/dsp-software-team-leader/all,N/A
Arbe Robotics,Technology,Embedded SW EngineerTel Aviv  ·  Full-time,Israel (Assumed),Not Specified,2026-09-26,https://arberobotics.com/careers/arberobotics.com/career/co/engineering/43.B6E/embedded-sw-engineer/all,N/A
Arbe Robotics,Technology,Radar System EngineerTel Aviv  ·  Full-time,Israel (Assumed),Not Specified,2026-09-26,https://arberobotics.com/careers/arberobotics.com/career/co/engineering/2B.96F/radar-system-engineer/all,N/A
Arbe Robotics,Technology,Radar System Integration EngineerTel Aviv  ·  Full-time,Israel (Assumed),Not Specified,2026-09-26,https://arberobotics.com/careers/arberobotics.com/career/co/engineering/80.A56/radar-system-integration-engineer/all,N/A
Arbe Robotics,Technology,IT EngineerTel Aviv  ·  Full-time,Israel (Assumed),Not Specified,2026-09-26,https://arberobotics.com/careers/arberobotics.com/career/co/infrastructure/64.E6A/it-engineer/all,N/A
Arbe Robotics,Technology,IC Product EngineerTel Aviv  ·  Full-time,Israel (Assumed),Not Specified,2026-09-26,https://arberobotics.com/careers/arberobotics.com/career/co/operations/5F.F63/ic-product-engineer/all,N/A
Lumina,Technology,Products,Israel (Assumed),Not Specified,2026-09-26,https://www.lumina.com/careers,N/A
Electreon,Technology,Products,Israel (Assumed),Not Specified,2026-09-26,https://electreon.com/careers,N/A
TytoCare,Technology,Product,Israel (Assumed),Not Specified,2026-09-26,https://www.tytocare.com/careers/,N/A
Sanofi Israel,Technology,From Training to the Production Floor,Israel (Assumed),Not Specified,2026-09-26,https://www.sanofi.com/en/careers,N/A
Bristol Myers Squibb Israel,Technology,Engineering →,Israel (Assumed),Not Specified,2026-09-26,https://careers.bms.com/,N/A
Horizon Therapeutics Israel,Technology,Leadership,Israel (Assumed),Not Specified,2026-09-26,https://www.horizontherapeutics.com/careers/stories/categories/leadership,N/A
